{
  "sample_size": 1338,
  "avg_cost": 13270.422265141257,
  "median_cost": 9382.033,
  "smoker_pct": 20.47832585949178,
  "avg_age": 39.20702541106129,
  "avg_bmi": 30.66339686098655,
  "model_r2": 0.8043083908524546,
  "model_rmse": 5511.8848031993875
}