{
  "age_factors": {
    "18": 0.6643767603294279,
    "19": 0.6874058596308974,
    "20": 0.7112332099343646,
    "21": 0.7358864807832108,
    "22": 0.7613943008221936,
    "23": 0.7877862910424912,
    "24": 0.8150930991791232,
    "25": 0.8433464353006803,
    "26": 0.8725791086326757,
    "27": 0.9028250656573085,
    "28": 0.9341194295338663,
    "29": 0.9664985408855349,
    "30": 1.0,
    "31": 1.0346627104928392,
    "32": 1.070526924484389,
    "33": 1.1076342893425792,
    "34": 1.1460278960460029,
    "35": 1.185752329223363,
    "36": 1.22685371892744,
    "37": 1.269379794203685,
    "38": 1.3133799385156275,
    "39": 1.3589052470914953,
    "40": 1.406008586258628,
    "41": 1.454744654834557,
    "42": 1.5051700476460903,
    "43": 1.5573433212501397,
    "44": 1.61132506193259,
    "45": 1.6671779560642128,
    "46": 1.7249668628953103,
    "47": 1.7847588898735915,
    "48": 1.846623470572798,
    "49": 1.9106324453225447,
    "50": 1.976860144632986,
    "51": 2.045383475511228,
    "52": 2.116282010769711,
    "53": 2.189638081430225,
    "54": 2.2655368723309333,
    "55": 2.344066521047393,
    "56": 2.4253182202424157,
    "57": 2.5093863235636826,
    "58": 2.5963684552120605,
    "59": 2.686365623307817,
    "60": 2.7794823371864465,
    "61": 2.8758267287603005,
    "62": 2.975510678086888,
    "63": 3.07864994328976,
    "64": 3.1853642949828096,
    "65": 3.2957776553540254
  },
  "gender_factors": {
    "male": 1.0,
    "female": 1.0785272070293648
  },
  "smoker_factors": {
    "non_smoker": 1.0,
    "smoker": 2.9753730721551768
  },
  "region_factors": {
    "northeast": 1.0,
    "northwest": 0.9357147903801781,
    "southeast": 0.8870249285281289,
    "southwest": 0.8290425713459251
  },
  "base_rate_monthly": 1382.3356526188809,
  "pure_premium": 13270.422265141257,
  "loading_factors": {
    "expense": 0.2,
    "risk_margin": 0.05
  },
  "model_performance": {
    "test_r2": 0.8043083908524546,
    "test_rmse": 5511.8848031993875,
    "ae_ratio_mean": 0.961819650748434,
    "ae_ratio_std": 0.6856689233606295
  },
  "summary_stats": {
    "sample_size": 1338,
    "avg_age": 39.20702541106129,
    "avg_bmi": 30.66339686098655,
    "smoker_pct": 20.47832585949178
  }
}